,0
cf20m130,9.89011001586914
brutoink_f_2015,1516.93994140625
nettoink_2020,1740.250244140625
brutoink_f_2014,1379.7149658203125
cf19l398,5.998168325568364
cs17j_m,201710.0625
cf19l397,8092.50537109375
cs19l277,3.9068257808685303
cf19l400,8.321175176633275
cr20m120,5579.95556640625
nettoink_2015,1073.7728271484375
cd14g083,7.975004378947206
cw20m611,7.032546800602358
cs17j267,4.853697776794434
cf18k398,20126.4609375
cw14g384,2684.34423828125
lftdhhh,40.04255319148936
cf17j130,5.3516130447387695
cv19k160,30.862689971923828
cf15h398,8.323984861888466
birthyear_bg,1987.2735595703125
cf08a009,1954.2584228515625
ca20g075,19352.642578125
cf19l399,8.195108445298047
cv20l303,36683.125
age_imp,32.726444244384766
ci10c322,60337.30859375
cd15h008,5.744605818674288
cd14g008,5.7366367268122085
ch20m217,0.17123287916183472
cd16i008,5.741866195185569
cd14g034,3.8347456455230713
brutoink_f_2017,1915.9759521484375
cs20m245,0.4876847267150879
ch13g249,8.216776911952486
cw20m002,1987.1776123046875
nettoink_2018,1462.875732421875
netinc,1719.1232558139534
cd20m034,3.9583332538604736
cd14g024,7.973403322644924
cv18j160,30.436864852905273
ci20m326,1987.029541015625
cw15h150,6.821177005767822
ch17j145,4.417910575866699
cf17j004,30.26500701904297
ch20m211,0.05821917951107025
cs09b249,2.049180269241333
cf18k031,2010.922119140625
cf20m_m,202009.09375
ch16i185,1.5
ch13g201,68.8374252319336
cs18k124,4.935413837432861
cw14g382,2020.92236328125
cw17j042,5.403409004211426
ci20m002,32.38134765625
cf11d416,2.866795301437378
cs19l199,0.7443181872367859
ch18k_m,201811.0625
cf17j397,21887.576171875
cr18k120,9572.9814453125
cs20m281,0.4455782175064087
cs18k279,1.291275143623352
cd20m025,246887.703125
cw18k148,0.25227963525835867
cs08a399,105.9375
cs18k243,13.520472526550293
cs20m438,0.3142523467540741
nettohh_f_2020,3737.524658203125
cs09b244,1.9033149480819702
ci11d005,7.099999904632568
cf20m398,21149.91015625
ch17j213,0.2255520522594452
cs17j124,5.06488561630249
cd20m008,687.9668579101562
ch08b236,8.124170020628341
cw20m045,14.520000457763672
ch07a236,8.111285650763364
ch20m002,32.74314880371094
cf19l130,5.0
cv19k303,27595.185546875
nettohh_f,3725.024457715053
cw19l576,1400.1229248046875
cw20m005,5.613384338781616
cs18k278,2.1713979244232178
cs17j199,0.9046052694320679
ch19l130,9.52439022064209
cv20l301,30323.986328125
ci20m322,77452.859375
cv17i249,10.872880935668945
ch08b186,2.461538553237915
ch20m259,20539.56640625
cs19l164,1.198113203048706
cw20m003,32.083229064941406
cf20m004,32.5405387878418
cd20m014,2013.2357177734375
ch18k130,8.738739013671875
cs17j165,0.9455782175064087
cs19l423,1.355555534362793
cw16i005,5.923810273891
cs20m387,73.91842651367188
ch17j190,21.598766326904297
cf20m029,2011.39599609375
cs19l232,6.261758804321289
cf16i400,8.146811697120642
cs18k164,1.3170732259750366
cf17j029,2009.2672119140625
ch12f236,8.105465599918139
cw18k042,5.137754917144775
cf18k397,69563.8125
cs17j379,155.3657684326172
cw18k008,5.519253698064518
cs16i421,6.889106750488281
cs12e437,2.097166061401367
cd20m039,2.4383301734924316
cf16i005,1954.638427734375
ch20m149,1.914893627166748
cf09b397,21538.921875
ci19l337,29911.0390625
ch20m206,1.2705479860305786
netinc_2017,1279.6859130859375
ch20m230,8.112903594970703
nettoink,1702.0733752620545
cs18k177,0.7623762488365173
cs20m415,77011.6875
cf15h004,28.93712043762207
cf20m251,879.8367309570312
brutohh_f,5317.669605263295
cv16h160,29.237815856933594
ch16i209,1.879921317100525
cf17j005,1955.201416015625
cw20m147,1.3743016719818115
cf18k130,5.1598639488220215
cv18j251,30.45255470275879
cs20m202,10.256756782531738
cs19l267,4.518914699554443
cf20m031,2011.9635009765625
cs20m379,168.52032470703125
cv20l308,8.230189936637897
ci20m236,5637.40234375
ci18k233,3086.99609375
ca14d012,12510.11328125
cs18k276,1.1595813035964966
ca18f075,42319.5
cw20m600,69.48948669433594
cs20m191,1.7122015953063965
cw20m603,55.617977142333984
cs20m279,0.2448979616165161
cs17j125,2.463087320327759
cv20l243,79.36299133300781
cw20m576,1437.649658203125
nettohh_f_2010,2958.115234375
cs09b185,1.023809552192688
cf20m001_1,0.19250253292806485
cf20m001_16,0.6838905775075987
cf20m001_2,0.0486322188449848
cf20m001_3,0.011144883485309016
cf20m001_4,0.002026342451874367
cf20m001_Missing,0.06180344478216818
cf20m003_1,0.4022289766970618
cf20m003_2,0.5349544072948328
cf20m003_Missing,0.06281661600810537
cf14g017_1,0.21580547112462006
cf14g017_2,0.00911854103343465
cf14g017_3,0.013171225937183385
cf14g017_4,0.07092198581560284
cf14g017_Missing,0.690982776089159
cf17j019_1,0.14285714285714285
cf17j019_2,0.0243161094224924
cf17j019_3,0.017223910840932118
cf17j019_4,0.0182370820668693
cf17j019_Missing,0.7973657548125633
cf17j022_1,0.015197568389057751
cf17j022_2,0.00911854103343465
cf17j022_3,0.0668693009118541
cf17j022_4,0.16312056737588654
cf17j022_5,0.1580547112462006
cf17j022_6,0.09929078014184398
cf17j022_7,0.13677811550151975
cf17j022_Missing,0.3515704154002026
cf20m022_1,0.02735562310030395
cf20m022_2,0.011144883485309016
cf20m022_3,0.10536980749746708
cf20m022_4,0.23404255319148937
cf20m022_5,0.1955420466058764
cf20m022_6,0.1337386018237082
cf20m022_7,0.14893617021276595
cf20m022_Missing,0.14387031408308004
cf20m024_1,0.6676798378926039
cf20m024_2,0.270516717325228
cf20m024_Missing,0.06180344478216818
cf10c025_1,0.11347517730496454
cf10c025_2,0.034447821681864235
cf10c025_Missing,0.8520770010131712
cf20m025_1,0.5602836879432624
cf20m025_2,0.10739614994934144
cf20m025_Missing,0.3323201621073962
cf14g052_1,0.12563323201621074
cf14g052_2,0.0010131712259371835
cf14g052_Missing,0.8733535967578521
cf18k128_1,0.2978723404255319
cf18k128_2,0.22998986828774062
cf18k128_Missing,0.47213779128672745
cf19l128_1,0.28368794326241137
cf19l128_2,0.24620060790273557
cf19l128_Missing,0.47011144883485306
cf20m128_1,0.36879432624113473
cf20m128_2,0.3110435663627153
cf20m128_3,0.24012158054711247
cf20m128_Missing,0.0800405268490375
cf20m135_1,0.3130699088145897
cf20m135_2,0.2553191489361702
cf20m135_3,0.15096251266464034
cf20m135_Missing,0.2806484295845998
cf19l137_1,0.11347517730496454
cf19l137_2,0.5075987841945289
cf19l137_Missing,0.3789260385005066
cf19l140_1,0.08308004052684904
cf19l140_2,0.030395136778115502
cf19l140_Missing,0.8865248226950354
cf17j143_1,0.031408308004052685
cf17j143_2,0.09827760891590678
cf17j143_3,0.4579533941236069
cf17j143_Missing,0.41236068895643363
cf16i147_1,0.21073961499493415
cf16i147_2,0.13576494427558258
cf16i147_3,0.09625126646403243
cf16i147_Missing,0.5572441742654508
cf19l148_1,0.32016210739615
cf19l148_2,0.182370820668693
cf19l148_3,0.15096251266464034
cf19l148_Missing,0.3465045592705167
cf19l163_1,0.1408308004052685
cf19l163_2,0.1762917933130699
cf19l163_3,0.10840932117527863
cf19l163_4,0.06281661600810537
cf19l163_5,0.019250253292806486
cf19l163_Missing,0.49240121580547114
cf20m164_1,0.037487335359675786
cf20m164_2,0.3961499493414387
cf20m164_3,0.23404255319148937
cf20m164_Missing,0.3323201621073962
cf19l165_1,0.0364741641337386
cf19l165_2,0.303951367781155
cf19l165_3,0.16717325227963525
cf19l165_Missing,0.49240121580547114
cf20m166_0,0.0070921985815602835
cf20m166_1,0.00303951367781155
cf20m166_10,0.011144883485309016
cf20m166_2,0.0010131712259371835
cf20m166_3,0.011144883485309016
cf20m166_4,0.011144883485309016
cf20m166_5,0.016210739614994935
cf20m166_6,0.02735562310030395
cf20m166_7,0.03850050658561297
cf20m166_8,0.034447821681864235
cf20m166_9,0.0121580547112462
cf20m166_Missing,0.8267477203647416
cf16i182_1,0.17831813576494426
cf16i182_2,0.11854103343465046
cf16i182_3,0.0243161094224924
cf16i182_Missing,0.6788247213779128
cf18k182_1,0.22695035460992907
cf18k182_2,0.21479229989868287
cf18k182_3,0.034447821681864235
cf18k182_Missing,0.5238095238095238
cf20m182_1,0.3292806484295846
cf20m182_2,0.270516717325228
cf20m182_3,0.04559270516717325
cf20m182_Missing,0.3546099290780142
cf14g183_1,0.05268490374873354
cf14g183_2,0.07700101317122594
cf14g183_3,0.00911854103343465
cf14g183_Missing,0.8611955420466059
cf15h183_1,0.0486322188449848
cf15h183_2,0.08611955420466058
cf15h183_3,0.011144883485309016
cf15h183_4,0.00303951367781155
cf15h183_Missing,0.851063829787234
cf17j183_1,0.08814589665653495
cf17j183_2,0.11854103343465046
cf17j183_3,0.019250253292806486
cf17j183_Missing,0.7740628166160081
cf20m183_1,0.11854103343465046
cf20m183_2,0.182370820668693
cf20m183_3,0.0425531914893617
cf20m183_Missing,0.6565349544072948
cf14g184_1,0.09422492401215805
cf14g184_2,0.09625126646403243
cf14g184_3,0.0364741641337386
cf14g184_4,0.00303951367781155
cf14g184_Missing,0.7700101317122594
cf15h184_1,0.10536980749746708
cf15h184_2,0.11752786220871327
cf15h184_3,0.02330293819655522
cf15h184_4,0.0070921985815602835
cf15h184_Missing,0.7467071935157041
cf18k184_1,0.1691995947315096
cf18k184_2,0.18541033434650456
cf18k184_3,0.047619047619047616
cf18k184_Missing,0.5977710233029382
cf20m184_1,0.14994934143870314
cf20m184_2,0.22897669706180346
cf20m184_3,0.0547112462006079
cf20m184_Missing,0.5663627152988855
cf19l185_1,0.2745694022289767
cf19l185_2,0.19250253292806485
cf19l185_3,0.02735562310030395
cf19l185_Missing,0.5055724417426545
cf20m185_1,0.3465045592705167
cf20m185_2,0.26443768996960487
cf20m185_3,0.04154002026342452
cf20m185_Missing,0.3475177304964539
cf16i186_1,0.18034447821681865
cf16i186_2,0.11854103343465046
cf16i186_3,0.02127659574468085
cf16i186_Missing,0.6798378926038501
cf18k186_1,0.2826747720364742
cf18k186_2,0.1702127659574468
cf18k186_3,0.0243161094224924
cf18k186_Missing,0.5227963525835866
cf20m186_1,0.36271529888551163
cf20m186_2,0.24316109422492402
cf20m186_3,0.0425531914893617
cf20m186_Missing,0.3515704154002026
cf12e192_1,0.03850050658561297
cf12e192_2,0.029381965552178316
cf12e192_3,0.057750759878419454
cf12e192_4,0.02634245187436677
cf12e192_5,0.013171225937183385
cf12e192_Missing,0.8348530901722391
cf19l193_1,0.04356636271529889
cf19l193_2,0.12259371833839919
cf19l193_Missing,0.8338399189463019
cf20m193_1,0.05977710233029382
cf20m193_2,0.16210739614994935
cf20m193_Missing,0.7781155015197568
cf15h198_1,0.015197568389057751
cf15h198_2,0.029381965552178316
cf15h198_3,0.07396149949341439
cf15h198_4,0.017223910840932118
cf15h198_5,0.005065856129685917
cf15h198_Missing,0.8591691995947315
cf18k198_1,0.03242147922998987
cf18k198_2,0.047619047619047616
cf18k198_3,0.11854103343465046
cf18k198_4,0.034447821681864235
cf18k198_5,0.0060790273556231
cf18k198_Missing,0.7608915906788247
cf14g202_1,0.002026342451874367
cf14g202_2,0.010131712259371834
cf14g202_3,0.019250253292806486
cf14g202_4,0.05369807497467072
cf14g202_5,0.010131712259371834
cf14g202_6,0.00303951367781155
cf14g202_7,0.00303951367781155
cf14g202_Missing,0.8986828774062816
cf20m202_1,0.005065856129685917
cf20m202_2,0.016210739614994935
cf20m202_3,0.028368794326241134
cf20m202_4,0.06382978723404255
cf20m202_5,0.020263424518743668
cf20m202_6,0.0070921985815602835
cf20m202_7,0.002026342451874367
cf20m202_Missing,0.8571428571428571
cf18k203_1,0.020263424518743668
cf18k203_2,0.0243161094224924
cf18k203_3,0.015197568389057751
cf18k203_4,0.03850050658561297
cf18k203_5,0.02330293819655522
cf18k203_6,0.014184397163120567
cf18k203_7,0.00303951367781155
cf18k203_Missing,0.8611955420466059
cf20m212_1,0.1651469098277609
cf20m212_2,0.015197568389057751
cf20m212_3,0.010131712259371834
cf20m212_4,0.005065856129685917
cf20m212_Missing,0.8044579533941236
cf20m214_1,0.015197568389057751
cf20m214_2,0.0243161094224924
cf20m214_3,0.03343465045592705
cf20m214_4,0.05977710233029382
cf20m214_5,0.0243161094224924
cf20m214_6,0.015197568389057751
cf20m214_7,0.005065856129685917
cf20m214_Missing,0.8226950354609929
cf20m216_1,0.015197568389057751
cf20m216_2,0.03242147922998987
cf20m216_3,0.03546099290780142
cf20m216_4,0.05369807497467072
cf20m216_5,0.020263424518743668
cf20m216_6,0.015197568389057751
cf20m216_7,0.005065856129685917
cf20m216_Missing,0.8226950354609929
cf18k218_1,0.0010131712259371835
cf18k218_2,0.020263424518743668
cf18k218_3,0.08206686930091185
cf18k218_4,0.07193515704154002
cf18k218_Missing,0.8247213779128673
cf19l218_1,0.0010131712259371835
cf19l218_2,0.017223910840932118
cf19l218_3,0.10638297872340426
cf19l218_4,0.06382978723404255
cf19l218_Missing,0.8115501519756839
cf20m218_1,0.002026342451874367
cf20m218_2,0.02330293819655522
cf20m218_3,0.1337386018237082
cf20m218_4,0.08915906788247213
cf20m218_Missing,0.75177304964539
cf20m238_0,0.1286727456940223
cf20m238_1,0.028368794326241134
cf20m238_Missing,0.8429584599797366
cf20m240_0,0.15501519756838905
cf20m240_1,0.002026342451874367
cf20m240_Missing,0.8429584599797366
cf19l241_0,0.1276595744680851
cf19l241_1,0.015197568389057751
cf19l241_Missing,0.8571428571428571
cf20m242_0,0.13576494427558258
cf20m242_1,0.02127659574468085
cf20m242_Missing,0.8429584599797366
cf20m243_0,0.15501519756838905
cf20m243_1,0.002026342451874367
cf20m243_Missing,0.8429584599797366
cf20m244_0,0.1529888551165147
cf20m244_1,0.004052684903748734
cf20m244_Missing,0.8429584599797366
cf20m246_0,0.15602836879432624
cf20m246_1,0.0010131712259371835
cf20m246_Missing,0.8429584599797366
cf20m247_0,0.13576494427558258
cf20m247_1,0.02127659574468085
cf20m247_Missing,0.8429584599797366
cf18k252_1,0.1641337386018237
cf18k252_2,0.00303951367781155
cf18k252_Missing,0.8328267477203647
cf20m253_1,0.1702127659574468
cf20m253_2,0.010131712259371834
cf20m253_Missing,0.8196555217831814
cf18k297_1,0.05268490374873354
cf18k297_2,0.06281661600810537
cf18k297_Missing,0.8844984802431611
cf19l297_1,0.060790273556231005
cf19l297_2,0.05572441742654509
cf19l297_Missing,0.8834853090172239
cf20m297_1,0.12664640324214793
cf20m297_2,0.0425531914893617
cf20m297_Missing,0.8308004052684904
cf20m330_0,0.22695035460992907
cf20m330_1,0.0121580547112462
cf20m330_Missing,0.7608915906788247
cf20m333_0,0.1702127659574468
cf20m333_1,0.06889564336372847
cf20m333_Missing,0.7608915906788247
cf19l335_0,0.10739614994934144
cf19l335_1,0.057750759878419454
cf19l335_Missing,0.8348530901722391
cf20m335_0,0.14488348530901723
cf20m335_1,0.09422492401215805
cf20m335_Missing,0.7608915906788247
cf08a388_1,0.11651469098277609
cf08a388_2,0.03850050658561297
cf08a388_3,0.017223910840932118
cf08a388_4,0.008105369807497468
cf08a388_5,0.0060790273556231
cf08a388_Missing,0.8135764944275583
cf18k388_1,0.4012158054711246
cf18k388_2,0.15096251266464034
cf18k388_3,0.10131712259371833
cf18k388_4,0.05065856129685917
cf18k388_5,0.020263424518743668
cf18k388_Missing,0.2755825734549139
cf20m388_1,0.49138804457953394
cf20m388_2,0.1955420466058764
cf20m388_3,0.14488348530901723
cf20m388_4,0.08105369807497467
cf20m388_5,0.0243161094224924
cf20m388_Missing,0.06281661600810537
cf11d389_1,0.0070921985815602835
cf11d389_2,0.010131712259371834
cf11d389_3,0.047619047619047616
cf11d389_4,0.09625126646403243
cf11d389_5,0.10030395136778116
cf11d389_Missing,0.7386018237082067
cf13f389_1,0.004052684903748734
cf13f389_2,0.020263424518743668
cf13f389_3,0.05977710233029382
cf13f389_4,0.11854103343465046
cf13f389_5,0.13677811550151975
cf13f389_Missing,0.6605876393110436
cf16i389_1,0.0060790273556231
cf16i389_2,0.014184397163120567
cf16i389_3,0.0790273556231003
cf16i389_4,0.17933130699088146
cf16i389_5,0.23809523809523808
cf16i389_Missing,0.48328267477203646
cf08a390_1,0.0425531914893617
cf08a390_2,0.04660587639311044
cf08a390_3,0.060790273556231005
cf08a390_4,0.028368794326241134
cf08a390_5,0.008105369807497468
cf08a390_Missing,0.8135764944275583
cf12e392_1,0.00911854103343465
cf12e392_2,0.015197568389057751
cf12e392_3,0.11246200607902736
cf12e392_4,0.10536980749746708
cf12e392_5,0.08206686930091185
cf12e392_Missing,0.6757852077001013
cf16i392_1,0.011144883485309016
cf16i392_2,0.016210739614994935
cf16i392_3,0.20364741641337386
cf16i392_4,0.160081053698075
cf16i392_5,0.12563323201621074
cf16i392_Missing,0.48328267477203646
cf17j392_1,0.017223910840932118
cf17j392_2,0.03242147922998987
cf17j392_3,0.23100303951367782
cf17j392_4,0.2127659574468085
cf17j392_5,0.19655521783181357
cf17j392_Missing,0.3100303951367781
cf18k392_1,0.019250253292806486
cf18k392_2,0.030395136778115502
cf18k392_3,0.22796352583586627
cf18k392_4,0.22796352583586627
cf18k392_5,0.2188449848024316
cf18k392_Missing,0.2755825734549139
cf12e401_1,0.1894630192502533
cf12e401_2,0.004052684903748734
cf12e401_Missing,0.806484295845998
cf15h402_1,0.25430597771023306
cf15h402_2,0.008105369807497468
cf15h402_Missing,0.7375886524822695
cf09b421_1,0.02330293819655522
cf09b421_2,0.04559270516717325
cf09b421_3,0.060790273556231005
cf09b421_4,0.047619047619047616
cf09b421_5,0.0121580547112462
cf09b421_Missing,0.8105369807497467
cf11d421_1,0.02735562310030395
cf11d421_2,0.06585612968591692
cf11d421_3,0.08814589665653495
cf11d421_4,0.06788247213779129
cf11d421_5,0.0070921985815602835
cf11d421_Missing,0.7436676798378926
cf13f421_1,0.029381965552178316
cf13f421_2,0.07598784194528875
cf13f421_3,0.10536980749746708
cf13f421_4,0.09017223910840932
cf13f421_5,0.028368794326241134
cf13f421_Missing,0.6707193515704154
cf13f422_1,0.00911854103343465
cf13f422_2,0.02127659574468085
cf13f422_3,0.06889564336372847
cf13f422_4,0.14994934143870314
cf13f422_5,0.0800405268490375
cf13f422_Missing,0.6707193515704154
cf13f423_1,0.08206686930091185
cf13f423_2,0.11347517730496454
cf13f423_3,0.08713272543059777
cf13f423_4,0.03951367781155015
cf13f423_5,0.0070921985815602835
cf13f423_Missing,0.6707193515704154
cf13f426_1,0.00303951367781155
cf13f426_2,0.0060790273556231
cf13f426_3,0.08105369807497467
cf13f426_4,0.0060790273556231
cf13f426_5,0.0010131712259371835
cf13f426_Missing,0.9027355623100304
cf11d432_1,0.0010131712259371835
cf11d432_2,0.0060790273556231
cf11d432_3,0.0364741641337386
cf11d432_4,0.15096251266464034
cf11d432_5,0.06788247213779129
cf11d432_Missing,0.7375886524822695
cf16i432_1,0.00303951367781155
cf16i432_2,0.011144883485309016
cf16i432_3,0.07598784194528875
cf16i432_4,0.2917933130699088
cf16i432_5,0.13779128672745694
cf16i432_Missing,0.48024316109422494
cf17j432_1,0.0070921985815602835
cf17j432_2,0.020263424518743668
cf17j432_3,0.0911854103343465
cf17j432_4,0.38703140830800403
cf17j432_5,0.18642350557244175
cf17j432_Missing,0.3080040526849038
cf19l432_1,0.00911854103343465
cf19l432_2,0.022289766970618033
cf19l432_3,0.11043566362715299
cf19l432_4,0.4012158054711246
cf19l432_5,0.1884498480243161
cf19l432_Missing,0.2684903748733536
cf18k451_1,0.3444782168186423
cf18k451_2,0.013171225937183385
cf18k451_3,0.0243161094224924
cf18k451_4,0.0729483282674772
cf18k451_5,0.00303951367781155
cf18k451_Missing,0.5420466058763931
cf17j454_1,0.26038500506585616
cf17j454_2,0.4316109422492401
cf17j454_Missing,0.3080040526849038
cf18k454_1,0.2826747720364742
cf18k454_2,0.4447821681864235
cf18k454_Missing,0.2725430597771023
cf20m454_1,0.3900709219858156
cf20m454_2,0.5481256332320162
cf20m454_Missing,0.06180344478216818
cf19l471_1,0.008105369807497468
cf19l471_2,0.7213779128672746
cf19l471_Missing,0.270516717325228
cf17j483_1,0.10030395136778116
cf17j483_2,0.0790273556231003
cf17j483_3,0.09523809523809523
cf17j483_4,0.05167173252279635
cf17j483_5,0.05572441742654509
cf17j483_Missing,0.6180344478216818
cf16i484_1,0.09422492401215805
cf16i484_2,0.034447821681864235
cf16i484_3,0.06382978723404255
cf16i484_4,0.0364741641337386
cf16i484_5,0.0364741641337386
cf16i484_Missing,0.7345491388044579
cf19l484_1,0.15602836879432624
cf19l484_2,0.05369807497467072
cf19l484_3,0.0790273556231003
cf19l484_4,0.06281661600810537
cf19l484_5,0.06889564336372847
cf19l484_Missing,0.5795339412360689
cf16i485_1,0.06990881458966565
cf16i485_2,0.05876393110435663
cf16i485_3,0.06990881458966565
cf16i485_4,0.04559270516717325
cf16i485_5,0.019250253292806486
cf16i485_Missing,0.7365754812563323
cf17j485_1,0.0911854103343465
cf17j485_2,0.08206686930091185
cf17j485_3,0.11347517730496454
cf17j485_4,0.05572441742654509
cf17j485_5,0.028368794326241134
cf17j485_Missing,0.6291793313069909
cf18k485_1,0.08713272543059777
cf18k485_2,0.08814589665653495
cf18k485_3,0.13069908814589665
cf18k485_4,0.05977710233029382
cf18k485_5,0.03343465045592705
cf18k485_Missing,0.6008105369807497
cf19l485_1,0.09219858156028368
cf19l485_2,0.08713272543059777
cf19l485_3,0.12259371833839919
cf19l485_4,0.0668693009118541
cf19l485_5,0.04356636271529889
cf19l485_Missing,0.5876393110435664
cf15h486_1,0.044579533941236066
cf15h486_2,0.044579533941236066
cf15h486_3,0.07092198581560284
cf15h486_4,0.057750759878419454
cf15h486_5,0.03546099290780142
cf15h486_Missing,0.7467071935157041
cf18k486_1,0.06889564336372847
cf18k486_2,0.07700101317122594
cf18k486_3,0.12563323201621074
cf18k486_4,0.09017223910840932
cf18k486_5,0.047619047619047616
cf18k486_Missing,0.5906788247213779
cf19l486_1,0.07598784194528875
cf19l486_2,0.0729483282674772
cf19l486_3,0.1286727456940223
cf19l486_4,0.09017223910840932
cf19l486_5,0.05369807497467072
cf19l486_Missing,0.5785207700101317
cf20m486_1,0.06281661600810537
cf20m486_2,0.10030395136778116
cf20m486_3,0.12259371833839919
cf20m486_4,0.10435663627152988
cf20m486_5,0.0486322188449848
cf20m486_Missing,0.5612968591691996
cf17j487_1,0.08814589665653495
cf17j487_2,0.06788247213779129
cf17j487_3,0.1094224924012158
cf17j487_4,0.06585612968591692
cf17j487_5,0.04660587639311044
cf17j487_Missing,0.6220871327254306
cf18k487_1,0.09523809523809523
cf18k487_2,0.07092198581560284
cf18k487_3,0.12563323201621074
cf18k487_4,0.06788247213779129
cf18k487_5,0.04660587639311044
cf18k487_Missing,0.5937183383991894
cf17j488_1,0.07092198581560284
cf17j488_2,0.08105369807497467
cf17j488_3,0.13171225937183384
cf17j488_4,0.06382978723404255
cf17j488_5,0.03343465045592705
cf17j488_Missing,0.6190476190476191
cf20m488_1,0.09017223910840932
cf20m488_2,0.09625126646403243
cf20m488_3,0.13779128672745694
cf20m488_4,0.07092198581560284
cf20m488_5,0.0425531914893617
cf20m488_Missing,0.5623100303951368
cf18k489_1,0.11347517730496454
cf18k489_2,0.002026342451874367
cf18k489_3,0.040526849037487336
cf18k489_4,0.004052684903748734
cf18k489_5,0.004052684903748734
cf18k489_Missing,0.8358662613981763
cf16i504_1,0.014184397163120567
cf16i504_2,0.017223910840932118
cf16i504_3,0.016210739614994935
cf16i504_4,0.037487335359675786
cf16i504_5,0.07497467071935157
cf16i504_6,0.11550151975683891
cf16i504_7,0.20567375886524822
cf16i504_Missing,0.5187436676798379
cf20m504_1,0.02634245187436677
cf20m504_2,0.0121580547112462
cf20m504_3,0.0243161094224924
cf20m504_4,0.06382978723404255
cf20m504_5,0.11448834853090173
cf20m504_6,0.24113475177304963
cf20m504_7,0.3728470111448835
cf20m504_Missing,0.14488348530901723
cf19l506_1,0.25227963525835867
cf19l506_2,0.13880445795339413
cf19l506_3,0.07092198581560284
cf19l506_4,0.0668693009118541
cf19l506_5,0.08611955420466058
cf19l506_6,0.037487335359675786
cf19l506_7,0.019250253292806486
cf19l506_Missing,0.3282674772036474
cf19l507_1,0.1651469098277609
cf19l507_2,0.1691995947315096
cf19l507_3,0.09827760891590678
cf19l507_4,0.08814589665653495
cf19l507_5,0.08409321175278622
cf19l507_6,0.0425531914893617
cf19l507_7,0.0243161094224924
cf19l507_Missing,0.3282674772036474
cf20m507_1,0.2512664640324215
cf20m507_2,0.1945288753799392
cf20m507_3,0.11347517730496454
cf20m507_4,0.12664640324214793
cf20m507_5,0.09523809523809523
cf20m507_6,0.05065856129685917
cf20m507_7,0.02330293819655522
cf20m507_Missing,0.14488348530901723
cf15h510_1,0.15501519756838905
cf15h510_2,0.1337386018237082
cf15h510_3,0.060790273556231005
cf15h510_4,0.05572441742654509
cf15h510_5,0.037487335359675786
cf15h510_6,0.017223910840932118
cf15h510_7,0.010131712259371834
cf15h510_Missing,0.5298885511651469
cf19l510_1,0.2502532928064843
cf19l510_2,0.17831813576494426
cf19l510_3,0.09625126646403243
cf19l510_4,0.06484295845997974
cf19l510_5,0.04660587639311044
cf19l510_6,0.02330293819655522
cf19l510_7,0.0121580547112462
cf19l510_Missing,0.3282674772036474
cf15h512_1,0.1833839918946302
cf15h512_2,0.10233029381965553
cf15h512_3,0.05167173252279635
cf15h512_4,0.057750759878419454
cf15h512_5,0.0425531914893617
cf15h512_6,0.017223910840932118
cf15h512_7,0.015197568389057751
cf15h512_Missing,0.5298885511651469
cf16i512_1,0.1661600810536981
cf16i512_2,0.11752786220871327
cf16i512_3,0.04964539007092199
cf16i512_4,0.060790273556231005
cf16i512_5,0.0547112462006079
cf16i512_6,0.02127659574468085
cf16i512_7,0.011144883485309016
cf16i512_Missing,0.5187436676798379
cf18k519_1,0.0729483282674772
cf18k519_2,0.08713272543059777
cf18k519_3,0.03343465045592705
cf18k519_4,0.04559270516717325
cf18k519_5,0.030395136778115502
cf18k519_6,0.010131712259371834
cf18k519_7,0.002026342451874367
cf18k519_Missing,0.7183383991894631
cf20m526_1,0.008105369807497468
cf20m526_2,0.022289766970618033
cf20m526_3,0.11651469098277609
cf20m526_4,0.4194528875379939
cf20m526_5,0.3657548125633232
cf20m526_Missing,0.06788247213779129
ca18f001_0,0.13880445795339413
ca18f001_1,0.3465045592705167
ca18f001_Missing,0.5146909827760892
ca20g001_0,0.2826747720364742
ca20g001_1,0.6271529888551165
ca20g001_Missing,0.09017223910840932
ca20g002_0,0.42350557244174264
ca20g002_1,0.48632218844984804
ca20g002_Missing,0.09017223910840932
ca08a003_1,0.05167173252279635
ca08a003_2,0.02330293819655522
ca08a003_3,0.015197568389057751
ca08a003_5,0.07700101317122594
ca08a003_6,0.0010131712259371835
ca08a003_7,0.0010131712259371835
ca08a003_Missing,0.8308004052684904
ca10b003_1,0.07598784194528875
ca10b003_2,0.0364741641337386
ca10b003_3,0.019250253292806486
ca10b003_5,0.10131712259371833
ca10b003_6,0.002026342451874367
ca10b003_7,0.002026342451874367
ca10b003_Missing,0.7629179331306991
ca14d003_1,0.20972644376899696
ca14d003_2,0.060790273556231005
ca14d003_3,0.05977710233029382
ca14d003_5,0.13171225937183384
ca14d003_6,0.008105369807497468
ca14d003_7,0.002026342451874367
ca14d003_Missing,0.5278622087132725
ca20g003_1,0.45997973657548125
ca20g003_2,0.14488348530901723
ca20g003_3,0.11043566362715299
ca20g003_5,0.17831813576494426
ca20g003_6,0.0121580547112462
ca20g003_7,0.004052684903748734
ca20g003_Missing,0.09017223910840932
ca18f006_0,0.6524822695035462
ca18f006_1,0.0668693009118541
ca18f006_Missing,0.2806484295845998
ca16e008_0,0.292806484295846
ca16e008_1,0.22188449848024316
ca16e008_Missing,0.48530901722391084
ca20g008_0,0.47619047619047616
ca20g008_1,0.4397163120567376
ca20g008_Missing,0.08409321175278622
ca08a009_0,0.14387031408308004
ca08a009_1,0.025329280648429583
ca08a009_Missing,0.8308004052684904
ca12c009_0,0.2806484295845998
ca12c009_1,0.0243161094224924
ca12c009_Missing,0.6950354609929078
ca14d009_0,0.44680851063829785
ca14d009_1,0.025329280648429583
ca14d009_Missing,0.5278622087132725
ca16e009_0,0.48328267477203646
ca16e009_1,0.031408308004052685
ca16e009_Missing,0.48530901722391084
ca20g010_1,0.0425531914893617
ca20g010_2,0.8733535967578521
ca20g010_Missing,0.08409321175278622
ca16e011_1,0.05876393110435663
ca16e011_2,0.45390070921985815
ca16e011_Missing,0.48733535967578523
ca12c013_1,0.004052684903748734
ca12c013_10,0.002026342451874367
ca12c013_11,0.004052684903748734
ca12c013_12,0.0010131712259371835
ca12c013_14,0.00303951367781155
ca12c013_15,0.0070921985815602835
ca12c013_2,0.008105369807497468
ca12c013_3,0.0060790273556231
ca12c013_4,0.00303951367781155
ca12c013_5,0.004052684903748734
ca12c013_6,0.004052684903748734
ca12c013_7,0.0060790273556231
ca12c013_8,0.004052684903748734
ca12c013_9,0.0060790273556231
ca12c013_Missing,0.9371833839918946
ca14d054_1,0.0790273556231003
ca14d054_2,0.3910840932117528
ca14d054_Missing,0.5298885511651469
ca20g054_1,0.20364741641337386
ca20g054_2,0.49240121580547114
ca20g054_Missing,0.303951367781155
ca18f056_11,0.002026342451874367
ca18f056_12,0.00303951367781155
ca18f056_13,0.00303951367781155
ca18f056_15,0.004052684903748734
ca18f056_3,0.0010131712259371835
ca18f056_6,0.002026342451874367
ca18f056_7,0.005065856129685917
ca18f056_8,0.005065856129685917
ca18f056_9,0.00303951367781155
ca18f056_Missing,0.9716312056737588
ca18f060_0,0.6838905775075987
ca18f060_1,0.03546099290780142
ca18f060_Missing,0.2806484295845998
ca12c067_1,0.0060790273556231
ca12c067_2,0.0121580547112462
ca12c067_3,0.060790273556231005
ca12c067_4,0.11144883485309018
ca12c067_5,0.11246200607902736
ca12c067_Missing,0.6970618034447822
ca14d068_1,0.060790273556231005
ca14d068_2,0.10131712259371833
ca14d068_3,0.1651469098277609
ca14d068_4,0.08308004052684904
ca14d068_5,0.05572441742654509
ca14d068_Missing,0.5339412360688957
ca16e068_1,0.06382978723404255
ca16e068_2,0.08713272543059777
ca16e068_3,0.19756838905775076
ca16e068_4,0.09321175278622088
ca16e068_5,0.06585612968591692
ca16e068_Missing,0.49240121580547114
ca20g080_1,0.014184397163120567
ca20g080_2,0.900709219858156
ca20g080_Missing,0.0851063829787234
cd16i002_0,0.0010131712259371835
cd16i002_10,0.017223910840932118
cd16i002_2,0.00303951367781155
cd16i002_3,0.005065856129685917
cd16i002_4,0.0121580547112462
cd16i002_5,0.013171225937183385
cd16i002_6,0.03951367781155015
cd16i002_7,0.07700101317122594
cd16i002_8,0.06788247213779129
cd16i002_9,0.03242147922998987
cd16i002_Missing,0.7315096251266464
cd17j002_0,0.004052684903748734
cd17j002_1,0.0010131712259371835
cd17j002_10,0.015197568389057751
cd17j002_2,0.004052684903748734
cd17j002_3,0.0060790273556231
cd17j002_4,0.010131712259371834
cd17j002_5,0.016210739614994935
cd17j002_6,0.037487335359675786
cd17j002_7,0.08105369807497467
cd17j002_8,0.10536980749746708
cd17j002_9,0.047619047619047616
cd17j002_Missing,0.6717325227963525
cd20m003_1,0.19351570415400202
cd20m003_2,0.008105369807497468
cd20m003_3,0.3221884498480243
cd20m003_4,0.013171225937183385
cd20m003_Missing,0.4630192502532928
cd15h006_1,0.12259371833839919
cd15h006_5,0.002026342451874367
cd15h006_Missing,0.8753799392097265
cd13f009_1,0.02127659574468085
cd13f009_2,0.031408308004052685
cd13f009_Missing,0.9473150962512664
cd15h009_1,0.05167173252279635
cd15h009_2,0.06281661600810537
cd15h009_Missing,0.8855116514690983
cd19l009_1,0.057750759878419454
cd19l009_2,0.08206686930091185
cd19l009_Missing,0.8601823708206687
cd20m009_1,0.09422492401215805
cd20m009_2,0.09219858156028368
cd20m009_Missing,0.8135764944275583
cd14g018_1,0.0851063829787234
cd14g018_2,0.029381965552178316
cd14g018_Missing,0.8855116514690983
cd20m026_1,0.2917933130699088
cd20m026_2,0.010131712259371834
cd20m026_Missing,0.6980749746707193
cd14g030_1,0.022289766970618033
cd14g030_2,0.0547112462006079
cd14g030_3,0.0486322188449848
cd14g030_Missing,0.8743667679837892
cd18k030_1,0.04559270516717325
cd18k030_2,0.0911854103343465
cd18k030_3,0.08206686930091185
cd18k030_Missing,0.7811550151975684
cd20m038_1,0.04559270516717325
cd20m038_10,0.008105369807497468
cd20m038_2,0.06281661600810537
cd20m038_3,0.07396149949341439
cd20m038_4,0.1458966565349544
cd20m038_5,0.1773049645390071
cd20m038_6,0.004052684903748734
cd20m038_8,0.0010131712259371835
cd20m038_9,0.016210739614994935
cd20m038_Missing,0.46504559270516715
cd16i045_0,0.25430597771023306
cd16i045_1,0.0121580547112462
cd16i045_Missing,0.7335359675785208
ch15h006_0,0.0010131712259371835
ch15h006_10,0.015197568389057751
ch15h006_2,0.00303951367781155
ch15h006_3,0.005065856129685917
ch15h006_4,0.005065856129685917
ch15h006_5,0.019250253292806486
ch15h006_6,0.03343465045592705
ch15h006_7,0.0729483282674772
ch15h006_8,0.11550151975683891
ch15h006_9,0.037487335359675786
ch15h006_Missing,0.6919959473150963
ch13g011_1,0.0851063829787234
ch13g011_2,0.11854103343465046
ch13g011_3,0.08105369807497467
ch13g011_4,0.0364741641337386
ch13g011_5,0.0060790273556231
ch13g011_6,0.004052684903748734
ch13g011_Missing,0.668693009118541
ch17j011_1,0.160081053698075
ch17j011_2,0.2077001013171226
ch17j011_3,0.21073961499493415
ch17j011_4,0.05369807497467072
ch17j011_5,0.0121580547112462
ch17j011_6,0.002026342451874367
ch17j011_Missing,0.353596757852077
ch08b014_1,0.047619047619047616
ch08b014_2,0.06585612968591692
ch08b014_3,0.0547112462006079
ch08b014_4,0.0182370820668693
ch08b014_5,0.00303951367781155
ch08b014_6,0.0010131712259371835
ch08b014_Missing,0.8095238095238095
ch15h020_1,0.3242147922998987
ch15h020_2,0.08308004052684904
ch15h020_3,0.0547112462006079
ch15h020_4,0.019250253292806486
ch15h020_5,0.0070921985815602835
ch15h020_Missing,0.5116514690982776
ch18k023_1,0.6605876393110436
ch18k023_2,0.03343465045592705
ch18k023_3,0.0060790273556231
ch18k023_4,0.0010131712259371835
ch18k023_5,0.0070921985815602835
ch18k023_Missing,0.2917933130699088
ch19l031_1,0.5866261398176292
ch19l031_2,0.10131712259371833
ch19l031_3,0.02127659574468085
ch19l031_4,0.005065856129685917
ch19l031_5,0.00303951367781155
ch19l031_Missing,0.2826747720364742
ch19l033_1,0.6747720364741642
ch19l033_2,0.03242147922998987
ch19l033_3,0.0070921985815602835
ch19l033_5,0.00303951367781155
ch19l033_Missing,0.2826747720364742
ch16i039_1,0.44072948328267475
ch16i039_2,0.047619047619047616
ch16i039_3,0.011144883485309016
ch16i039_4,0.005065856129685917
ch16i039_5,0.011144883485309016
ch16i039_Missing,0.48429584599797365
ch09c052_1,0.1762917933130699
ch09c052_2,0.04964539007092199
ch09c052_Missing,0.7740628166160081
ch19l070_0,0.49240121580547114
ch19l070_1,0.22492401215805471
ch19l070_Missing,0.2826747720364742
ch20m070_0,0.6170212765957447
ch20m070_1,0.270516717325228
ch20m070_Missing,0.11246200607902736
ch17j073_0,0.5481256332320162
ch17j073_1,0.09422492401215805
ch17j073_Missing,0.3576494427558257
ch18k079_0,0.44174265450861194
ch18k079_1,0.2634245187436677
ch18k079_Missing,0.2948328267477204
ch17j097_0,0.5521783181357649
ch17j097_1,0.0851063829787234
ch17j097_Missing,0.36271529888551163
ch17j100_1,0.40628166160081053
ch17j100_2,0.013171225937183385
ch17j100_3,0.0182370820668693
ch17j100_4,0.030395136778115502
ch17j100_Missing,0.5319148936170213
ch18k100_1,0.4457953394123607
ch18k100_2,0.02127659574468085
ch18k100_3,0.025329280648429583
ch18k100_4,0.02735562310030395
ch18k100_Missing,0.48024316109422494
ch20m100_1,0.6058763931104356
ch20m100_2,0.0243161094224924
ch20m100_3,0.02634245187436677
ch20m100_4,0.040526849037487336
ch20m100_Missing,0.3029381965552178
ch18k105_1,0.4154002026342452
ch18k105_2,0.04559270516717325
ch18k105_3,0.016210739614994935
ch18k105_4,0.015197568389057751
ch18k105_Missing,0.5075987841945289
ch20m105_1,0.5643363728470111
ch20m105_2,0.057750759878419454
ch20m105_3,0.0182370820668693
ch20m105_4,0.016210739614994935
ch20m105_Missing,0.3434650455927052
ch13g133_1,0.010131712259371834
ch13g133_2,0.014184397163120567
ch13g133_3,0.0243161094224924
ch13g133_4,0.09625126646403243
ch13g133_5,0.07396149949341439
ch13g133_6,0.0364741641337386
ch13g133_7,0.030395136778115502
ch13g133_8,0.04559270516717325
ch13g133_Missing,0.668693009118541
ch18k133_1,0.0243161094224924
ch18k133_2,0.014184397163120567
ch18k133_3,0.06990881458966565
ch18k133_4,0.19959473150962512
ch18k133_5,0.12664640324214793
ch18k133_6,0.07193515704154002
ch18k133_7,0.07497467071935157
ch18k133_8,0.12462006079027356
ch18k133_Missing,0.2938196555217832
ch11e173_0,0.23910840932117527
ch11e173_1,0.013171225937183385
ch11e173_Missing,0.7477203647416414
ch08b199_1,0.02735562310030395
ch08b199_2,0.07193515704154002
ch08b199_3,0.06788247213779129
ch08b199_4,0.02127659574468085
ch08b199_5,0.002026342451874367
ch08b199_Missing,0.8095238095238095
ch12f204_1,0.07193515704154002
ch12f204_2,0.11347517730496454
ch12f204_Missing,0.8145896656534954
ch16i204_1,0.13069908814589665
ch16i204_2,0.1702127659574468
ch16i204_Missing,0.6990881458966566
ch12f219_0,0.2755825734549139
ch12f219_1,0.0364741641337386
ch12f219_Missing,0.6879432624113475
ch18k219_0,0.6291793313069909
ch18k219_1,0.07700101317122594
ch18k219_Missing,0.2938196555217832
ch20m219_0,0.8074974670719351
ch20m219_1,0.0800405268490375
ch20m219_Missing,0.11246200607902736
ch18k228_0,0.27152988855116517
ch18k228_1,0.43465045592705165
ch18k228_Missing,0.2938196555217832
ch18k229_1,0.05167173252279635
ch18k229_2,0.6545086119554204
ch18k229_Missing,0.2938196555217832
ch20m233_1,0.016210739614994935
ch20m233_2,0.05268490374873354
ch20m233_3,0.3110435663627153
ch20m233_4,0.2695035460992908
ch20m233_5,0.23809523809523808
ch20m233_Missing,0.11246200607902736
ch17j235_1,0.00303951367781155
ch17j235_2,0.03343465045592705
ch17j235_3,0.2188449848024316
ch17j235_4,0.22998986828774062
ch17j235_5,0.15704154002026344
ch17j235_Missing,0.3576494427558257
ch08b238_1,0.1033434650455927
ch08b238_2,0.08713272543059777
ch08b238_Missing,0.8095238095238095
ch17j260_1,0.3586626139817629
ch17j260_2,0.014184397163120567
ch17j260_3,0.016210739614994935
ch17j260_4,0.025329280648429583
ch17j260_5,0.017223910840932118
ch17j260_6,0.08611955420466058
ch17j260_Missing,0.48226950354609927
ch18k260_1,0.39209726443769
ch18k260_2,0.008105369807497468
ch18k260_3,0.011144883485309016
ch18k260_4,0.0486322188449848
ch18k260_5,0.014184397163120567
ch18k260_6,0.09929078014184398
ch18k260_Missing,0.4265450861195542
ch18k263_1,0.46707193515704154
ch18k263_2,0.017223910840932118
ch18k263_3,0.010131712259371834
ch18k263_4,0.13779128672745694
ch18k263_Missing,0.3677811550151976
ch19l263_1,0.44275582573454914
ch19l263_2,0.00911854103343465
ch19l263_3,0.013171225937183385
ch19l263_4,0.18541033434650456
ch19l263_Missing,0.3495440729483283
cp17i001_1,0.008105369807497468
cp17i001_2,0.014184397163120567
cp17i001_3,0.04964539007092199
cp17i001_4,0.10739614994934144
cp17i001_5,0.19148936170212766
cp17i001_6,0.15501519756838905
cp17i001_7,0.08915906788247213
cp17i001_Missing,0.3850050658561297
cp08a005_3,0.002026342451874367
cp08a005_4,0.025329280648429583
cp08a005_5,0.0668693009118541
cp08a005_6,0.07497467071935157
cp08a005_7,0.022289766970618033
cp08a005_Missing,0.8085106382978723
cp13f005_2,0.0010131712259371835
cp13f005_3,0.0070921985815602835
cp13f005_4,0.0243161094224924
cp13f005_5,0.09827760891590678
cp13f005_6,0.11246200607902736
cp13f005_7,0.0547112462006079
cp13f005_Missing,0.7021276595744681
cp19k010_0,0.0010131712259371835
cp19k010_1,0.00303951367781155
cp19k010_10,0.015197568389057751
cp19k010_3,0.0060790273556231
cp19k010_4,0.010131712259371834
cp19k010_5,0.034447821681864235
cp19k010_6,0.0729483282674772
cp19k010_7,0.20972644376899696
cp19k010_8,0.27152988855116517
cp19k010_9,0.057750759878419454
cp19k010_Missing,0.3181357649442756
cp20l010_0,0.0010131712259371835
cp20l010_1,0.002026342451874367
cp20l010_10,0.02735562310030395
cp20l010_2,0.0070921985815602835
cp20l010_3,0.015197568389057751
cp20l010_4,0.014184397163120567
cp20l010_5,0.03546099290780142
cp20l010_6,0.08713272543059777
cp20l010_7,0.23708206686930092
cp20l010_8,0.3323201621073962
cp20l010_9,0.09523809523809523
cp20l010_Missing,0.1458966565349544
cp20l012_1,0.00303951367781155
cp20l012_2,0.017223910840932118
cp20l012_3,0.04356636271529889
cp20l012_4,0.10233029381965553
cp20l012_5,0.25430597771023306
cp20l012_6,0.3252279635258359
cp20l012_7,0.11347517730496454
cp20l012_Missing,0.1408308004052685
cv20l102_1,0.030395136778115502
cv20l102_2,0.0243161094224924
cv20l102_3,0.06889564336372847
cv20l102_4,0.15704154002026344
cv20l102_5,0.5238095238095238
cv20l102_Missing,0.1955420466058764
cv11d104_1,0.010131712259371834
cv11d104_2,0.013171225937183385
cv11d104_3,0.05977710233029382
cv11d104_4,0.09827760891590678
cv11d104_5,0.0547112462006079
cv11d104_Missing,0.7639311043566362
cv20l119_1,0.04660587639311044
cv20l119_2,0.0911854103343465
cv20l119_3,0.21479229989868287
cv20l119_4,0.3657548125633232
cv20l119_5,0.09929078014184398
cv20l119_Missing,0.182370820668693
cv19k123_1,0.02127659574468085
cv19k123_2,0.1094224924012158
cv19k123_3,0.19756838905775076
cv19k123_4,0.2725430597771023
cv19k123_5,0.0911854103343465
cv19k123_Missing,0.3080040526849038
cv20l126_1,0.017223910840932118
cv20l126_2,0.182370820668693
cv20l126_3,0.21479229989868287
cv20l126_4,0.2887537993920973
cv20l126_5,0.11347517730496454
cv20l126_Missing,0.1833839918946302
cv14g127_1,0.008105369807497468
cv14g127_2,0.013171225937183385
cv14g127_3,0.03546099290780142
cv14g127_4,0.13069908814589665
cv14g127_5,0.1641337386018237
cv14g127_Missing,0.6484295845997974
cv20l166_0,0.662613981762918
cv20l166_1,0.10030395136778116
cv20l166_Missing,0.23708206686930092
cv20l200_1,0.26545086119554206
cv20l200_2,0.4265450861195542
cv20l200_Missing,0.3080040526849038
cv20l212_0,0.031408308004052685
cv20l212_1,0.02127659574468085
cv20l212_10,0.00303951367781155
cv20l212_2,0.02735562310030395
cv20l212_3,0.04154002026342452
cv20l212_4,0.060790273556231005
cv20l212_5,0.1286727456940223
cv20l212_6,0.15602836879432624
cv20l212_7,0.12056737588652482
cv20l212_8,0.0547112462006079
cv20l212_9,0.004052684903748734
cv20l212_Missing,0.3505572441742654
cv20l221_0,0.04154002026342452
cv20l221_1,0.029381965552178316
cv20l221_10,0.00303951367781155
cv20l221_2,0.05369807497467072
cv20l221_3,0.06180344478216818
cv20l221_4,0.08409321175278622
cv20l221_5,0.14994934143870314
cv20l221_6,0.10030395136778116
cv20l221_7,0.06180344478216818
cv20l221_8,0.0070921985815602835
cv20l221_9,0.002026342451874367
cv20l221_Missing,0.40526849037487334
cv18j242_1,0.3323201621073962
cv18j242_2,0.353596757852077
cv18j242_Missing,0.3140830800405269
cv20l267_0,0.040526849037487336
cv20l267_1,0.02634245187436677
cv20l267_10,0.0070921985815602835
cv20l267_2,0.02735562310030395
cv20l267_3,0.02735562310030395
cv20l267_4,0.040526849037487336
cv20l267_5,0.10536980749746708
cv20l267_6,0.08206686930091185
cv20l267_7,0.06180344478216818
cv20l267_8,0.02735562310030395
cv20l267_9,0.0070921985815602835
cv20l267_Missing,0.547112462006079
cv20l275_1,0.005065856129685917
cv20l275_2,0.02735562310030395
cv20l275_3,0.16818642350557245
cv20l275_4,0.2847011144883485
cv20l275_5,0.2806484295845998
cv20l275_Missing,0.23404255319148937
cr08a001_1,0.0800405268490375
cr08a001_10,0.0010131712259371835
cr08a001_12,0.0010131712259371835
cr08a001_13,0.0010131712259371835
cr08a001_3,0.0060790273556231
cr08a001_5,0.002026342451874367
cr08a001_7,0.06585612968591692
cr08a001_8,0.008105369807497468
cr08a001_Missing,0.8348530901722391
cr18k039_1,0.08611955420466058
cr18k039_2,0.502532928064843
cr18k039_3,0.05167173252279635
cr18k039_Missing,0.3596757852077001
cr09b041_2,0.0060790273556231
cr09b041_3,0.0121580547112462
cr09b041_4,0.0070921985815602835
cr09b041_5,0.02127659574468085
cr09b041_6,0.03850050658561297
cr09b041_7,0.10840932117527863
cr09b041_Missing,0.806484295845998
cr20m041_1,0.002026342451874367
cr20m041_2,0.02330293819655522
cr20m041_3,0.040526849037487336
cr20m041_4,0.03343465045592705
cr20m041_5,0.18439716312056736
cr20m041_6,0.6352583586626139
cr20m041_Missing,0.08105369807497467
cr17j042_1,0.08308004052684904
cr17j042_2,0.02330293819655522
cr17j042_3,0.0121580547112462
cr17j042_4,0.02127659574468085
cr17j042_5,0.011144883485309016
cr17j042_6,0.1033434650455927
cr17j042_7,0.41033434650455924
cr17j042_Missing,0.3353596757852077
cr13f082_0,0.3252279635258359
cr13f082_1,0.005065856129685917
cr13f082_Missing,0.6697061803444783
cr10c093_1,0.16312056737588654
cr10c093_2,0.0070921985815602835
cr10c093_3,0.0060790273556231
cr10c093_4,0.06180344478216818
cr10c093_Missing,0.7619047619047619
cr20m093_1,0.6099290780141844
cr20m093_2,0.05065856129685917
cr20m093_3,0.03242147922998987
cr20m093_4,0.23809523809523808
cr20m093_Missing,0.06889564336372847
cr15h094_1,0.20567375886524822
cr15h094_2,0.011144883485309016
cr15h094_3,0.0060790273556231
cr15h094_4,0.27152988855116517
cr15h094_Missing,0.5055724417426545
cr16i094_1,0.2016210739614995
cr16i094_2,0.014184397163120567
cr16i094_3,0.005065856129685917
cr16i094_4,0.303951367781155
cr16i094_Missing,0.475177304964539
cr18k094_1,0.2674772036474164
cr18k094_2,0.034447821681864235
cr18k094_3,0.008105369807497468
cr18k094_4,0.3910840932117528
cr18k094_Missing,0.2988855116514691
cr20m172_0,0.9300911854103343
cr20m172_1,0.0010131712259371835
cr20m172_Missing,0.06889564336372847
cs15h321_1,0.18135764944275581
cs15h321_11,0.0060790273556231
cs15h321_2,0.07700101317122594
cs15h321_3,0.02330293819655522
cs15h321_4,0.0010131712259371835
cs15h321_5,0.004052684903748734
cs15h321_6,0.00303951367781155
cs15h321_7,0.0060790273556231
cs15h321_8,0.00303951367781155
cs15h321_9,0.11144883485309018
cs15h321_Missing,0.5835866261398176
cs20m329_1,0.0010131712259371835
cs20m329_10,0.0425531914893617
cs20m329_11,0.044579533941236066
cs20m329_12,0.04356636271529889
cs20m329_13,0.0243161094224924
cs20m329_2,0.029381965552178316
cs20m329_3,0.06889564336372847
cs20m329_4,0.12259371833839919
cs20m329_5,0.1276595744680851
cs20m329_6,0.11448834853090173
cs20m329_7,0.08409321175278622
cs20m329_8,0.04660587639311044
cs20m329_9,0.044579533941236066
cs20m329_Missing,0.20567375886524822
cs15h330_1,0.05673758865248227
cs15h330_2,0.0121580547112462
cs15h330_3,0.13069908814589665
cs15h330_4,0.14488348530901723
cs15h330_5,0.06585612968591692
cs15h330_Missing,0.5896656534954408
cs17j334_1,0.2066869300911854
cs17j334_2,0.21073961499493415
cs17j334_3,0.07700101317122594
cs17j334_4,0.005065856129685917
cs17j334_Missing,0.5005065856129686
cs16i410_1,0.23606889564336372
cs16i410_2,0.11246200607902736
cs16i410_3,0.08915906788247213
cs16i410_4,0.05167173252279635
cs16i410_5,0.02127659574468085
cs16i410_Missing,0.48936170212765956
cs14g417_1,0.28976697061803447
cs14g417_2,0.13880445795339413
cs14g417_Missing,0.5714285714285714
cs15h448_0,0.49341438703140833
cs15h448_1,0.00303951367781155
cs15h448_Missing,0.5035460992907801
cs17j451_0,0.6595744680851063
cs17j451_1,0.004052684903748734
cs17j451_Missing,0.3363728470111449
cs18k485_1,0.13880445795339413
cs18k485_2,0.1752786220871327
cs18k485_3,0.2512664640324215
cs18k485_4,0.0972644376899696
cs18k485_5,0.028368794326241134
cs18k485_Missing,0.3090172239108409
cs16i492_1,0.015197568389057751
cs16i492_2,0.502532928064843
cs16i492_Missing,0.48226950354609927
cs20m494_0,0.7811550151975684
cs20m494_1,0.09219858156028368
cs20m494_2,0.029381965552178316
cs20m494_3,0.0060790273556231
cs20m494_Missing,0.0911854103343465
cs20m523_0,0.07801418439716312
cs20m523_1,0.8308004052684904
cs20m523_Missing,0.0911854103343465
cs20m524_0,0.8591691995947315
cs20m524_1,0.04964539007092199
cs20m524_Missing,0.0911854103343465
cw18k000_0,0.23100303951367782
cw18k000_1,0.45390070921985815
cw18k000_Missing,0.315096251266464
cw20m000_0,0.24417426545086118
cw20m000_1,0.5643363728470111
cw20m000_Missing,0.19148936170212766
cw18k012_0,0.6312056737588653
cw18k012_1,0.047619047619047616
cw18k012_Missing,0.3211752786220871
cw18k015_0,0.6089159067882473
cw18k015_1,0.06990881458966565
cw18k015_Missing,0.3211752786220871
cw14g035_1,0.12462006079027356
cw14g035_2,0.19756838905775076
cw14g035_Missing,0.6778115501519757
cw16i043_1,0.030395136778115502
cw16i043_2,0.05876393110435663
cw16i043_3,0.0070921985815602835
cw16i043_4,0.010131712259371834
cw16i043_5,0.031408308004052685
cw16i043_Missing,0.8622087132725431
cw16i426_1,0.00911854103343465
cw16i426_2,0.03343465045592705
cw16i426_3,0.22897669706180346
cw16i426_4,0.08611955420466058
cw16i426_Missing,0.6423505572441742
cw14g427_1,0.09422492401215805
cw14g427_2,0.11955420466058764
cw14g427_3,0.08206686930091185
cw14g427_4,0.016210739614994935
cw14g427_Missing,0.6879432624113475
cw19l427_1,0.171225937183384
cw19l427_2,0.19148936170212766
cw19l427_3,0.12563323201621074
cw19l427_4,0.0243161094224924
cw19l427_Missing,0.48733535967578523
cw18k428_1,0.09321175278622088
cw18k428_2,0.21580547112462006
cw18k428_3,0.1580547112462006
cw18k428_4,0.03951367781155015
cw18k428_Missing,0.49341438703140833
cw14g429_1,0.06484295845997974
cw14g429_2,0.16717325227963525
cw14g429_3,0.07092198581560284
cw14g429_4,0.00911854103343465
cw14g429_Missing,0.6879432624113475
cw15h434_1,0.0182370820668693
cw15h434_2,0.1337386018237082
cw15h434_3,0.12563323201621074
cw15h434_4,0.03951367781155015
cw15h434_Missing,0.6828774062816616
cw18k434_1,0.0364741641337386
cw18k434_2,0.21175278622087132
cw18k434_3,0.1833839918946302
cw18k434_4,0.047619047619047616
cw18k434_Missing,0.5207700101317123
cw20m435_1,0.1641337386018237
cw20m435_2,0.331306990881459
cw20m435_3,0.1347517730496454
cw20m435_4,0.02634245187436677
cw20m435_Missing,0.3434650455927052
cw15h436_0,0.24417426545086118
cw15h436_1,0.12968591691995948
cw15h436_Missing,0.6261398176291794
cw16i436_0,0.23910840932117527
cw16i436_1,0.1347517730496454
cw16i436_Missing,0.6261398176291794
cw17j436_0,0.2674772036474164
cw17j436_1,0.1661600810536981
cw17j436_Missing,0.5663627152988855
cw19l436_0,0.3161094224924012
cw19l436_1,0.21580547112462006
cw19l436_Missing,0.46808510638297873
cw15h438_0,0.13069908814589665
cw15h438_1,0.24316109422492402
cw15h438_Missing,0.6261398176291794
cw19l439_1,0.1641337386018237
cw19l439_2,0.05167173252279635
cw19l439_Missing,0.78419452887538
cw20m440_1,0.034447821681864235
cw20m440_2,0.16109422492401215
cw20m440_Missing,0.8044579533941236
cw16i450_1,0.022289766970618033
cw16i450_2,0.47821681864235055
cw16i450_Missing,0.49949341438703143
cw18k450_1,0.031408308004052685
cw18k450_2,0.6332320162107397
cw18k450_Missing,0.3353596757852077
cw20m450_1,0.05876393110435663
cw20m450_2,0.7355623100303952
cw20m450_Missing,0.20567375886524822
cw11d459_1,0.0060790273556231
cw11d459_2,0.2066869300911854
cw11d459_Missing,0.7872340425531915
cw13f459_1,0.00303951367781155
cw13f459_2,0.24924012158054712
cw13f459_Missing,0.7477203647416414
cw10c479_1,0.0364741641337386
cw10c479_2,0.1752786220871327
cw10c479_Missing,0.7882472137791287
cw14g496_1,0.16312056737588654
cw14g496_2,0.0790273556231003
cw14g496_3,0.08105369807497467
cw14g496_4,0.07497467071935157
cw14g496_5,0.0364741641337386
cw14g496_Missing,0.5653495440729484
cw17j496_1,0.24316109422492402
cw17j496_2,0.11854103343465046
cw17j496_3,0.10030395136778116
cw17j496_4,0.06990881458966565
cw17j496_5,0.022289766970618033
cw17j496_Missing,0.4457953394123607
cw18k497_1,0.013171225937183385
cw18k497_2,0.03343465045592705
cw18k497_3,0.14285714285714285
cw18k497_4,0.24417426545086118
cw18k497_5,0.23100303951367782
cw18k497_Missing,0.3353596757852077
cw10c498_1,0.029381965552178316
cw10c498_2,0.057750759878419454
cw10c498_3,0.1033434650455927
cw10c498_4,0.04154002026342452
cw10c498_5,0.0121580547112462
cw10c498_Missing,0.7558257345491388
cw14g498_1,0.047619047619047616
cw14g498_2,0.08713272543059777
cw14g498_3,0.1529888551165147
cw14g498_4,0.09827760891590678
cw14g498_5,0.0486322188449848
cw14g498_Missing,0.5653495440729484
cw17j498_1,0.05268490374873354
cw17j498_2,0.08308004052684904
cw17j498_3,0.20466058763931105
cw17j498_4,0.13677811550151975
cw17j498_5,0.07700101317122594
cw17j498_Missing,0.4457953394123607
cw18k498_1,0.04559270516717325
cw18k498_2,0.10840932117527863
cw18k498_3,0.2512664640324215
cw18k498_4,0.16210739614994935
cw18k498_5,0.0972644376899696
cw18k498_Missing,0.3353596757852077
cw14g499_1,0.029381965552178316
cw14g499_2,0.0729483282674772
cw14g499_3,0.14387031408308004
cw14g499_4,0.12158054711246201
cw14g499_5,0.0668693009118541
cw14g499_Missing,0.5653495440729484
cw16i500_1,0.017223910840932118
cw16i500_2,0.04154002026342452
cw16i500_3,0.19655521783181357
cw16i500_4,0.1469098277608916
cw16i500_5,0.09625126646403243
cw16i500_Missing,0.5015197568389058
cw19l510_0,0.21783181357649442
cw19l510_1,0.013171225937183385
cw19l510_Missing,0.7689969604863222
cw14g519_0,0.06281661600810537
cw14g519_1,0.04154002026342452
cw14g519_Missing,0.8956433637284701
cw16i519_0,0.07598784194528875
cw16i519_1,0.06990881458966565
cw16i519_Missing,0.8541033434650456
cw14g520_0,0.09422492401215805
cw14g520_1,0.010131712259371834
cw14g520_Missing,0.8956433637284701
cw18k520_0,0.1580547112462006
cw18k520_1,0.02127659574468085
cw18k520_Missing,0.8206686930091185
cw10c523_0,0.21580547112462006
cw10c523_1,0.031408308004052685
cw10c523_Missing,0.7527862208713273
cw10c525_1,0.13069908814589665
cw10c525_10,0.004052684903748734
cw10c525_11,0.0010131712259371835
cw10c525_12,0.0010131712259371835
cw10c525_13,0.00303951367781155
cw10c525_14,0.0010131712259371835
cw10c525_2,0.002026342451874367
cw10c525_3,0.004052684903748734
cw10c525_4,0.004052684903748734
cw10c525_5,0.002026342451874367
cw10c525_7,0.08409321175278622
cw10c525_8,0.010131712259371834
cw10c525_Missing,0.7527862208713273
cw12e525_1,0.171225937183384
cw12e525_10,0.0070921985815602835
cw12e525_12,0.002026342451874367
cw12e525_13,0.002026342451874367
cw12e525_14,0.0010131712259371835
cw12e525_2,0.002026342451874367
cw12e525_3,0.008105369807497468
cw12e525_4,0.005065856129685917
cw12e525_5,0.0060790273556231
cw12e525_6,0.0010131712259371835
cw12e525_7,0.09523809523809523
cw12e525_8,0.0121580547112462
cw12e525_Missing,0.6869300911854104
cw13f525_1,0.18034447821681865
cw13f525_10,0.0070921985815602835
cw13f525_11,0.0010131712259371835
cw13f525_12,0.0010131712259371835
cw13f525_13,0.004052684903748734
cw13f525_14,0.0010131712259371835
cw13f525_2,0.002026342451874367
cw13f525_3,0.00911854103343465
cw13f525_4,0.008105369807497468
cw13f525_5,0.0060790273556231
cw13f525_7,0.09321175278622088
cw13f525_8,0.010131712259371834
cw13f525_Missing,0.6767983789260384
cw15h525_1,0.2786220871327254
cw15h525_10,0.010131712259371834
cw15h525_11,0.00303951367781155
cw15h525_12,0.002026342451874367
cw15h525_13,0.005065856129685917
cw15h525_2,0.0010131712259371835
cw15h525_3,0.015197568389057751
cw15h525_4,0.014184397163120567
cw15h525_5,0.0070921985815602835
cw15h525_7,0.1286727456940223
cw15h525_8,0.017223910840932118
cw15h525_Missing,0.5177304964539007
cw16i531_1,0.07497467071935157
cw16i531_2,0.0486322188449848
cw16i531_Missing,0.8763931104356636
cw17j537_1,0.05673758865248227
cw17j537_2,0.02330293819655522
cw17j537_3,0.00911854103343465
cw17j537_4,0.00303951367781155
cw17j537_Missing,0.9078014184397163
cw17j538_1,0.016210739614994935
cw17j538_2,0.030395136778115502
cw17j538_3,0.00911854103343465
cw17j538_4,0.0182370820668693
cw17j538_Missing,0.9260385005065856
cw17j539_1,0.008105369807497468
cw17j539_2,0.010131712259371834
cw17j539_Missing,0.9817629179331308
cw19l554_0,0.5146909827760892
cw19l554_1,0.031408308004052685
cw19l554_Missing,0.45390070921985815
cw20m572_0,0.24417426545086118
cw20m572_1,0.5643363728470111
cw20m572_Missing,0.19148936170212766
cw20m582_0,0.06281661600810537
cw20m582_1,0.2137791286727457
cw20m582_Missing,0.723404255319149
cw20m586_0,0.26038500506585616
cw20m586_1,0.016210739614994935
cw20m586_Missing,0.723404255319149
cw19l589_0,0.1398176291793313
cw19l589_1,0.0010131712259371835
cw19l589_Missing,0.8591691995947315
cw19l591_0,0.11752786220871327
cw19l591_1,0.02330293819655522
cw19l591_Missing,0.8591691995947315
cw20m592_0,0.1762917933130699
cw20m592_1,0.015197568389057751
cw20m592_Missing,0.8085106382978723
cw20m601_1,0.2016210739614995
cw20m601_2,0.025329280648429583
cw20m601_3,0.017223910840932118
cw20m601_Missing,0.7558257345491388
cw20m604_1,0.08814589665653495
cw20m604_2,0.03546099290780142
cw20m604_3,0.0800405268490375
cw20m604_4,0.040526849037487336
cw20m604_Missing,0.7558257345491388
gender_bg_1,0.43566362715298884
gender_bg_2,0.5643363728470111
belbezig_2014_1,0.2907801418439716
belbezig_2014_10,0.013171225937183385
belbezig_2014_11,0.004052684903748734
belbezig_2014_12,0.00303951367781155
belbezig_2014_13,0.005065856129685917
belbezig_2014_14,0.0010131712259371835
belbezig_2014_2,0.004052684903748734
belbezig_2014_3,0.017223910840932118
belbezig_2014_4,0.015197568389057751
belbezig_2014_5,0.0070921985815602835
belbezig_2014_7,0.22695035460992907
belbezig_2014_8,0.019250253292806486
belbezig_2014_Missing,0.39311043566362713
belbezig_2015_1,0.3232016210739615
belbezig_2015_10,0.011144883485309016
belbezig_2015_11,0.004052684903748734
belbezig_2015_12,0.002026342451874367
belbezig_2015_13,0.0070921985815602835
belbezig_2015_2,0.002026342451874367
belbezig_2015_3,0.019250253292806486
belbezig_2015_4,0.017223910840932118
belbezig_2015_5,0.0060790273556231
belbezig_2015_7,0.20567375886524822
belbezig_2015_8,0.017223910840932118
belbezig_2015_Missing,0.3850050658561297
belbezig_2016_1,0.3505572441742654
belbezig_2016_10,0.013171225937183385
belbezig_2016_11,0.004052684903748734
belbezig_2016_12,0.005065856129685917
belbezig_2016_13,0.0060790273556231
belbezig_2016_2,0.00303951367781155
belbezig_2016_3,0.019250253292806486
belbezig_2016_4,0.015197568389057751
belbezig_2016_5,0.002026342451874367
belbezig_2016_7,0.18541033434650456
belbezig_2016_8,0.019250253292806486
belbezig_2016_Missing,0.3768996960486322
belbezig_2017_1,0.4630192502532928
belbezig_2017_10,0.0182370820668693
belbezig_2017_11,0.00303951367781155
belbezig_2017_12,0.00303951367781155
belbezig_2017_13,0.00911854103343465
belbezig_2017_2,0.004052684903748734
belbezig_2017_3,0.02735562310030395
belbezig_2017_4,0.020263424518743668
belbezig_2017_5,0.005065856129685917
belbezig_2017_7,0.19351570415400202
belbezig_2017_8,0.03343465045592705
belbezig_2017_Missing,0.2198581560283688
belbezig_2018_1,0.49341438703140833
belbezig_2018_10,0.017223910840932118
belbezig_2018_11,0.00303951367781155
belbezig_2018_12,0.004052684903748734
belbezig_2018_13,0.0070921985815602835
belbezig_2018_2,0.004052684903748734
belbezig_2018_3,0.03242147922998987
belbezig_2018_4,0.016210739614994935
belbezig_2018_5,0.0060790273556231
belbezig_2018_7,0.16109422492401215
belbezig_2018_8,0.0425531914893617
belbezig_2018_Missing,0.2127659574468085
belbezig_2020_1,0.6575481256332321
belbezig_2020_10,0.03242147922998987
belbezig_2020_11,0.00303951367781155
belbezig_2020_12,0.00303951367781155
belbezig_2020_13,0.010131712259371834
belbezig_2020_2,0.008105369807497468
belbezig_2020_3,0.05268490374873354
belbezig_2020_4,0.016210739614994935
belbezig_2020_5,0.0060790273556231
belbezig_2020_7,0.15096251266464034
belbezig_2020_8,0.05572441742654509
belbezig_2020_Missing,0.004052684903748734
burgstat_2013_1,0.09929078014184398
burgstat_2013_2,0.00303951367781155
burgstat_2013_3,0.0070921985815602835
burgstat_2013_4,0.0010131712259371835
burgstat_2013_5,0.4072948328267477
burgstat_2013_Missing,0.48226950354609927
burgstat_2014_1,0.12360688956433637
burgstat_2014_2,0.00303951367781155
burgstat_2014_3,0.015197568389057751
burgstat_2014_4,0.0010131712259371835
burgstat_2014_5,0.46403242147923
burgstat_2014_Missing,0.39311043566362713
burgstat_2020_1,0.3383991894630192
burgstat_2020_2,0.004052684903748734
burgstat_2020_3,0.047619047619047616
burgstat_2020_4,0.0010131712259371835
burgstat_2020_5,0.6048632218844985
burgstat_2020_Missing,0.004052684903748734
oplcat_2011_1,0.13880445795339413
oplcat_2011_2,0.04660587639311044
oplcat_2011_3,0.06484295845997974
oplcat_2011_4,0.08308004052684904
oplcat_2011_5,0.08409321175278622
oplcat_2011_6,0.02634245187436677
oplcat_2011_Missing,0.5562310030395137
oplcat_2014_1,0.12158054711246201
oplcat_2014_2,0.05167173252279635
oplcat_2014_3,0.09929078014184398
oplcat_2014_4,0.13677811550151975
oplcat_2014_5,0.12158054711246201
oplcat_2014_6,0.07193515704154002
oplcat_2014_Missing,0.3971631205673759
oplcat_2015_1,0.11043566362715299
oplcat_2015_2,0.05167173252279635
oplcat_2015_3,0.09625126646403243
oplcat_2015_4,0.1398176291793313
oplcat_2015_5,0.12664640324214793
oplcat_2015_6,0.08713272543059777
oplcat_2015_Missing,0.3880445795339412
oplcat_2017_1,0.0790273556231003
oplcat_2017_2,0.06788247213779129
oplcat_2017_3,0.11955420466058764
oplcat_2017_4,0.18439716312056736
oplcat_2017_5,0.19148936170212766
oplcat_2017_6,0.13272543059777103
oplcat_2017_Missing,0.22492401215805471
oplcat_2018_1,0.06180344478216818
oplcat_2018_2,0.06788247213779129
oplcat_2018_3,0.11347517730496454
oplcat_2018_4,0.1955420466058764
oplcat_2018_5,0.19858156028368795
oplcat_2018_6,0.14792299898682879
oplcat_2018_Missing,0.21479229989868287
oplcat_2020_1,0.04964539007092199
oplcat_2020_2,0.06484295845997974
oplcat_2020_3,0.1347517730496454
oplcat_2020_4,0.2624113475177305
oplcat_2020_5,0.2684903748733536
oplcat_2020_6,0.21175278622087132
oplcat_2020_Missing,0.008105369807497468
oplzon_2012_1,0.057750759878419454
oplzon_2012_2,0.037487335359675786
oplzon_2012_3,0.07801418439716312
oplzon_2012_4,0.09219858156028368
oplzon_2012_5,0.11651469098277609
oplzon_2012_6,0.06585612968591692
oplzon_2012_7,0.0060790273556231
oplzon_2012_9,0.00303951367781155
oplzon_2012_Missing,0.5430597771023303
oplzon_2015_1,0.02127659574468085
oplzon_2015_2,0.05268490374873354
oplzon_2015_3,0.07193515704154002
oplzon_2015_4,0.1337386018237082
oplzon_2015_5,0.18541033434650456
oplzon_2015_6,0.13880445795339413
oplzon_2015_7,0.008105369807497468
oplzon_2015_9,0.00303951367781155
oplzon_2015_Missing,0.3850050658561297
oplzon_2016_1,0.017223910840932118
oplzon_2016_2,0.05167173252279635
oplzon_2016_3,0.06585612968591692
oplzon_2016_4,0.12968591691995948
oplzon_2016_5,0.19858156028368795
oplzon_2016_6,0.14792299898682879
oplzon_2016_7,0.00911854103343465
oplzon_2016_9,0.00303951367781155
oplzon_2016_Missing,0.3768996960486322
oplzon_2017_1,0.013171225937183385
oplzon_2017_2,0.057750759878419454
oplzon_2017_3,0.06180344478216818
oplzon_2017_4,0.17325227963525835
oplzon_2017_5,0.25430597771023306
oplzon_2017_6,0.2066869300911854
oplzon_2017_7,0.008105369807497468
oplzon_2017_9,0.005065856129685917
oplzon_2017_Missing,0.2198581560283688
partner_2020_0,0.2948328267477204
partner_2020_1,0.7011144883485309
partner_2020_Missing,0.004052684903748734
sted_2012_1,0.05167173252279635
sted_2012_2,0.12664640324214793
sted_2012_3,0.10840932117527863
sted_2012_4,0.0911854103343465
sted_2012_5,0.07700101317122594
sted_2012_Missing,0.5450861195542046
sted_2016_1,0.11144883485309018
sted_2016_2,0.18135764944275581
sted_2016_3,0.13576494427558258
sted_2016_4,0.10030395136778116
sted_2016_5,0.08713272543059777
sted_2016_Missing,0.3839918946301925
sted_2019_1,0.17426545086119555
sted_2019_2,0.19047619047619047
sted_2019_3,0.12968591691995948
sted_2019_4,0.1651469098277609
sted_2019_5,0.18135764944275581
sted_2019_Missing,0.1590678824721378
sted_2020_1,0.21175278622087132
sted_2020_2,0.21479229989868287
sted_2020_3,0.160081053698075
sted_2020_4,0.1894630192502533
sted_2020_5,0.21175278622087132
sted_2020_Missing,0.0121580547112462
woning_2015_1,0.4204660587639311
woning_2015_2,0.171225937183384
woning_2015_4,0.019250253292806486
woning_2015_Missing,0.3890577507598784
woning_2020_1,0.6798378926038501
woning_2020_2,0.2938196555217832
woning_2020_4,0.015197568389057751
woning_2020_Missing,0.011144883485309016
woonvorm_2010_1,0.03546099290780142
woonvorm_2010_2,0.0729483282674772
woonvorm_2010_3,0.2563323201621074
woonvorm_2010_4,0.019250253292806486
woonvorm_2010_5,0.004052684903748734
woonvorm_2010_Missing,0.6119554204660588
woonvorm_2014_1,0.11651469098277609
woonvorm_2014_2,0.11752786220871327
woonvorm_2014_3,0.3161094224924012
woonvorm_2014_4,0.04356636271529889
woonvorm_2014_5,0.013171225937183385
woonvorm_2014_Missing,0.39311043566362713
woonvorm_2015_1,0.11854103343465046
woonvorm_2015_2,0.1347517730496454
woonvorm_2015_3,0.3059777102330294
woonvorm_2015_4,0.0425531914893617
woonvorm_2015_5,0.013171225937183385
woonvorm_2015_Missing,0.3850050658561297
woonvorm_2018_1,0.14994934143870314
woonvorm_2018_2,0.1773049645390071
woonvorm_2018_3,0.3910840932117528
woonvorm_2018_4,0.05876393110435663
woonvorm_2018_5,0.0121580547112462
woonvorm_2018_Missing,0.21073961499493415
woonvorm_2019_1,0.16210739614994935
woonvorm_2019_2,0.2016210739614995
woonvorm_2019_3,0.41134751773049644
woonvorm_2019_4,0.06180344478216818
woonvorm_2019_5,0.013171225937183385
woonvorm_2019_Missing,0.14994934143870314
woonvorm_2020_1,0.20466058763931105
woonvorm_2020_2,0.23809523809523808
woonvorm_2020_3,0.4630192502532928
woonvorm_2020_4,0.0790273556231003
woonvorm_2020_5,0.011144883485309016
woonvorm_2020_Missing,0.004052684903748734
positie_1,0.5126646403242148
positie_2,0.160081053698075
positie_3,0.11854103343465046
positie_5,0.19655521783181357
positie_6,0.00911854103343465
positie_7,0.00303951367781155
lftdcat_1,0.0010131712259371835
lftdcat_2,0.1752786220871327
lftdcat_3,0.3900709219858156
lftdcat_4,0.3941236068895643
lftdcat_5,0.03951367781155015
aantalhh_1,0.2077001013171226
aantalhh_2,0.27760891590678827
aantalhh_3,0.14893617021276595
aantalhh_4,0.23404255319148937
aantalhh_5,0.09321175278622088
aantalhh_6,0.02634245187436677
aantalhh_7,0.0121580547112462
burgstat_1,0.3383991894630192
burgstat_2,0.004052684903748734
burgstat_3,0.047619047619047616
burgstat_4,0.0010131712259371835
burgstat_5,0.6089159067882473
woning_1,0.6818642350557245
woning_2,0.2968591691995947
woning_4,0.016210739614994935
woning_Missing,0.005065856129685917
belbezig_1,0.6585612968591692
belbezig_10,0.03242147922998987
belbezig_11,0.00303951367781155
belbezig_12,0.00303951367781155
belbezig_13,0.010131712259371834
belbezig_2,0.008105369807497468
belbezig_3,0.05268490374873354
belbezig_4,0.016210739614994935
belbezig_5,0.0060790273556231
belbezig_7,0.1540020263424519
belbezig_8,0.05572441742654509
oplzon_1,0.010131712259371834
oplzon_2,0.05065856129685917
oplzon_3,0.034447821681864235
oplzon_4,0.24214792299898683
oplzon_5,0.3556231003039514
oplzon_6,0.2917933130699088
oplzon_7,0.011144883485309016
oplzon_9,0.004052684903748734
doetmee_0,0.011144883485309016
doetmee_1,0.9888551165146909
sted_1,0.2127659574468085
sted_2,0.21681864235055726
sted_3,0.16312056737588654
sted_4,0.19250253292806485
sted_5,0.21175278622087132
sted_Missing,0.00303951367781155
werving_1,0.020263424518743668
werving_2,0.19858156028368795
werving_3,0.02735562310030395
werving_6,0.05369807497467072
werving_7,0.13272543059777103
werving_8,0.1408308004052685
werving_9,0.18743667679837892
werving_99,0.23809523809523808
werving_Missing,0.0010131712259371835
